<?xml version="1.0" encoding="UTF-8"?>
<project-private xmlns="http://www.netbeans.org/ns/project-private/1">
    <editor-bookmarks xmlns="http://www.netbeans.org/ns/editor-bookmarks/2" lastBookmarkId="0"/>
    <open-files xmlns="http://www.netbeans.org/ns/projectui-open-files/2">
        <group>
            <file>file:/C:/Users/ST10173642/Documents/NetBeansProjects/PROG5121_POE/src/prog5121_poe/Registration.java</file>
            <file>file:/C:/Users/ST10173642/Documents/NetBeansProjects/PROG5121_POE/src/prog5121_poe/Register.java</file>
            <file>file:/C:/Users/ST10173642/Documents/NetBeansProjects/PROG5121_POE/src/prog5121_poe/PROG5121_POE.java</file>
            <file>file:/C:/Users/ST10173642/Documents/NetBeansProjects/PROG5121_POE/src/prog5121_poe/Login.java</file>
            <file>file:/C:/Users/ST10173642/Documents/NetBeansProjects/PROG5121_POE/src/prog5121_poe/Login2.java</file>
        </group>
    </open-files>
</project-private>
